<?xml version="1.0" encoding="utf-8" ?>
<dwsync>
<file name="REGUA1X1.GIF" server="ftp.haauzsen.com.br/public_html/" local="130350427800000000" remote="130350427800000000" />
<file name="Thumbs.db" server="ftp.haauzsen.com.br/public_html/" local="130350427800000000" remote="130350427800000000" />
<file name="arrows-ffffff.png" server="ftp.haauzsen.com.br/public_html/" local="130350426600000000" remote="130350426600000000" />
<file name="b.png" server="ftp.haauzsen.com.br/public_html/" local="130350426600000000" remote="130350426600000000" />
<file name="background_prata.gif" server="ftp.haauzsen.com.br/public_html/" local="130350426600000000" remote="130350426600000000" />
<file name="ball_glass_redS.gif" server="ftp.haauzsen.com.br/public_html/" local="130350426600000000" remote="130350426600000000" />
<file name="barra_rp.jpg" server="ftp.haauzsen.com.br/public_html/" local="130350426600000000" remote="130350426600000000" />
<file name="blockquote.gif" server="ftp.haauzsen.com.br/public_html/" local="130350426600000000" remote="130350426600000000" />
<file name="bot_lock.gif" server="ftp.haauzsen.com.br/public_html/" local="130350426600000000" remote="130350426600000000" />
<file name="bot_lockUser.gif" server="ftp.haauzsen.com.br/public_html/" local="130350426600000000" remote="130350426600000000" />
<file name="bot_print.gif" server="ftp.haauzsen.com.br/public_html/" local="130350426600000000" remote="130350426600000000" />
<file name="bot_unlock.gif" server="ftp.haauzsen.com.br/public_html/" local="130350426600000000" remote="130350426600000000" />
<file name="br.png" server="ftp.haauzsen.com.br/public_html/" local="130350426600000000" remote="130350426600000000" />
<file name="bridge_menu.png" server="ftp.haauzsen.com.br/public_html/" local="130350426600000000" remote="130350426600000000" />
<file name="bt_entrar_off.jpg" server="ftp.haauzsen.com.br/public_html/" local="130350426600000000" remote="130350426600000000" />
<file name="bt_entrar_on.jpg" server="ftp.haauzsen.com.br/public_html/" local="130350426600000000" remote="130350426600000000" />
<file name="button_highlighter.png" server="ftp.haauzsen.com.br/public_html/" local="130350426600000000" remote="130350426600000000" />
<file name="calendario.gif" server="ftp.haauzsen.com.br/public_html/" local="130350426600000000" remote="130350426600000000" />
<file name="closelabel.gif" server="ftp.haauzsen.com.br/public_html/" local="130350426600000000" remote="130350426600000000" />
<file name="cupom.png" server="ftp.haauzsen.com.br/public_html/" local="130350426600000000" remote="130350426600000000" />
<file name="dot.gif" server="ftp.haauzsen.com.br/public_html/" local="130350426600000000" remote="130350426600000000" />
<file name="duvida.gif" server="ftp.haauzsen.com.br/public_html/" local="130350426600000000" remote="130350426600000000" />
<file name="error.png" server="ftp.haauzsen.com.br/public_html/" local="130350426600000000" remote="130350426600000000" />
<file name="fotoPadrao.png" server="ftp.haauzsen.com.br/public_html/" local="130350427200000000" remote="130350427200000000" />
<file name="fotoPadrao1.png" server="ftp.haauzsen.com.br/public_html/" local="130350427200000000" remote="130350427200000000" />
<file name="fotoPadrao2.png" server="ftp.haauzsen.com.br/public_html/" local="130350427200000000" remote="130350427200000000" />
<file name="graph.png" server="ftp.haauzsen.com.br/public_html/" local="130350427200000000" remote="130350427200000000" />
<file name="header_highlighter.png" server="ftp.haauzsen.com.br/public_html/" local="130350427200000000" remote="130350427200000000" />
<file name="hr_l.gif" server="ftp.haauzsen.com.br/public_html/" local="130350427200000000" remote="130350427200000000" />
<file name="ico.png" server="ftp.haauzsen.com.br/public_html/" local="130350427200000000" remote="130350427200000000" />
<file name="icon_close.gif" server="ftp.haauzsen.com.br/public_html/" local="130350427800000000" remote="130350427800000000" />
<file name="icon_close.png" server="ftp.haauzsen.com.br/public_html/" local="130350427800000000" remote="130350427800000000" />
<file name="jquery.wysiwyg.gif" server="ftp.haauzsen.com.br/public_html/" local="130350427800000000" remote="130350427800000000" />
<file name="locked.gif" server="ftp.haauzsen.com.br/public_html/" local="130350427800000000" remote="130350427800000000" />
<file name="logo.png" server="ftp.haauzsen.com.br/public_html/" local="130350427800000000" remote="130350427800000000" />
<file name="logo_quidde.png" server="ftp.haauzsen.com.br/public_html/" local="130350427800000000" remote="130350427800000000" />
<file name="quise.png" server="ftp.haauzsen.com.br/public_html/" local="130350427800000000" remote="130350427800000000" />
<file name="rodape.jpg" server="ftp.haauzsen.com.br/public_html/" local="130350427800000000" remote="130350427800000000" />
<file name="shadow.png" server="ftp.haauzsen.com.br/public_html/" local="130350427800000000" remote="130350427800000000" />
<file name="tl.png" server="ftp.haauzsen.com.br/public_html/" local="130350427800000000" remote="130350427800000000" />
<file name="tr.png" server="ftp.haauzsen.com.br/public_html/" local="130350427800000000" remote="130350427800000000" />
</dwsync>