<?xml version="1.0" encoding="utf-8" ?>
<dwsync>
<file name="jquery-1.4.4.js" server="ftp.haauzsen.com.br/public_html/" local="130350442200000000" remote="130350442200000000" />
<file name="jquery-1.6.2.js" server="ftp.haauzsen.com.br/public_html/" local="130350442200000000" remote="130350442200000000" />
<file name="jquery.bgiframe-2.1.2.js" server="ftp.haauzsen.com.br/public_html/" local="130350442200000000" remote="130350442200000000" />
<file name="jquery.effects.core.js" server="ftp.haauzsen.com.br/public_html/" local="130350442200000000" remote="130350442200000000" />
<file name="jquery.effects.drop.js" server="ftp.haauzsen.com.br/public_html/" local="130350442200000000" remote="130350442200000000" />
<file name="jquery.min.js" server="ftp.haauzsen.com.br/public_html/" local="130350442200000000" remote="130350442200000000" />
<file name="jquery.tokeninput.js" server="ftp.haauzsen.com.br/public_html/" local="130350442200000000" remote="130350442200000000" />
<file name="jquery.ui.autocomplete.js" server="ftp.haauzsen.com.br/public_html/" local="130350442200000000" remote="130350442200000000" />
<file name="jquery.ui.button.js" server="ftp.haauzsen.com.br/public_html/" local="130350442200000000" remote="130350442200000000" />
<file name="jquery.ui.core.js" server="ftp.haauzsen.com.br/public_html/" local="130350442200000000" remote="130350442200000000" />
<file name="jquery.ui.datepicker-pt-BR.js" server="ftp.haauzsen.com.br/public_html/" local="130350442200000000" remote="130350442200000000" />
<file name="jquery.ui.datepicker.js" server="ftp.haauzsen.com.br/public_html/" local="130350442200000000" remote="130350442200000000" />
<file name="jquery.ui.dialog.js" server="ftp.haauzsen.com.br/public_html/" local="130350442200000000" remote="130350442200000000" />
<file name="jquery.ui.draggable.js" server="ftp.haauzsen.com.br/public_html/" local="130350442200000000" remote="130350442200000000" />
<file name="jquery.ui.mouse.js" server="ftp.haauzsen.com.br/public_html/" local="130350442200000000" remote="130350442200000000" />
<file name="jquery.ui.position.js" server="ftp.haauzsen.com.br/public_html/" local="130350442200000000" remote="130350442200000000" />
<file name="jquery.ui.resizable.js" server="ftp.haauzsen.com.br/public_html/" local="130350442200000000" remote="130350442200000000" />
<file name="jquery.ui.widget.js" server="ftp.haauzsen.com.br/public_html/" local="130350442200000000" remote="130350442200000000" />
</dwsync>