<?xml version="1.0" encoding="utf-8" ?>
<dwsync>
<file name="Thumbs.db" server="ftp.haauzsen.com.br/public_html/" local="130350427200000000" remote="130350427200000000" />
<file name="add.jpg" server="ftp.haauzsen.com.br/public_html/" local="130350427200000000" remote="130350427200000000" />
<file name="adicionar.jpg" server="ftp.haauzsen.com.br/public_html/" local="130350427200000000" remote="130350427200000000" />
<file name="adicionarFoto.jpg" server="ftp.haauzsen.com.br/public_html/" local="130350427200000000" remote="130350427200000000" />
<file name="adicionarProduto.jpg" server="ftp.haauzsen.com.br/public_html/" local="130350427200000000" remote="130350427200000000" />
<file name="alterar.gif" server="ftp.haauzsen.com.br/public_html/" local="130350427200000000" remote="130350427200000000" />
<file name="alterar.jpg" server="ftp.haauzsen.com.br/public_html/" local="130350427200000000" remote="130350427200000000" />
<file name="alterarSenha.gif" server="ftp.haauzsen.com.br/public_html/" local="130350427200000000" remote="130350427200000000" />
<file name="alterarSenha.jpg" server="ftp.haauzsen.com.br/public_html/" local="130350427200000000" remote="130350427200000000" />
<file name="ativar.gif" server="ftp.haauzsen.com.br/public_html/" local="130350427200000000" remote="130350427200000000" />
<file name="ativar.jpg" server="ftp.haauzsen.com.br/public_html/" local="130350427200000000" remote="130350427200000000" />
<file name="atualizar.jpg" server="ftp.haauzsen.com.br/public_html/" local="130350427200000000" remote="130350427200000000" />
<file name="aviso.jpg" server="ftp.haauzsen.com.br/public_html/" local="130350427200000000" remote="130350427200000000" />
<file name="clientes.jpg" server="ftp.haauzsen.com.br/public_html/" local="130350427200000000" remote="130350427200000000" />
<file name="desativar.gif" server="ftp.haauzsen.com.br/public_html/" local="130350427200000000" remote="130350427200000000" />
<file name="desativar.jpg" server="ftp.haauzsen.com.br/public_html/" local="130350427200000000" remote="130350427200000000" />
<file name="destaque.jpg" server="ftp.haauzsen.com.br/public_html/" local="130350427200000000" remote="130350427200000000" />
<file name="enviarCampanha.jpg" server="ftp.haauzsen.com.br/public_html/" local="130350427200000000" remote="130350427200000000" />
<file name="excluir.gif" server="ftp.haauzsen.com.br/public_html/" local="130350427200000000" remote="130350427200000000" />
<file name="excluir.jpg" server="ftp.haauzsen.com.br/public_html/" local="130350427200000000" remote="130350427200000000" />
<file name="header.jpg" server="ftp.haauzsen.com.br/public_html/" local="130350427200000000" remote="130350427200000000" />
<file name="li.gif" server="ftp.haauzsen.com.br/public_html/" local="130350427200000000" remote="130350427200000000" />
<file name="lida.png" server="ftp.haauzsen.com.br/public_html/" local="130350427200000000" remote="130350427200000000" />
<file name="lidaP.png" server="ftp.haauzsen.com.br/public_html/" local="130350427200000000" remote="130350427200000000" />
<file name="logoLogin.jpg" server="ftp.haauzsen.com.br/public_html/" local="130350427200000000" remote="130350427200000000" />
<file name="lupa.jpg" server="ftp.haauzsen.com.br/public_html/" local="130350427200000000" remote="130350427200000000" />
<file name="lupinha.gif" server="ftp.haauzsen.com.br/public_html/" local="130350427200000000" remote="130350427200000000" />
<file name="lupinha.jpg" server="ftp.haauzsen.com.br/public_html/" local="130350427200000000" remote="130350427200000000" />
<file name="naoLida.png" server="ftp.haauzsen.com.br/public_html/" local="130350427200000000" remote="130350427200000000" />
<file name="naoLidaP.png" server="ftp.haauzsen.com.br/public_html/" local="130350427200000000" remote="130350427200000000" />
<file name="quidde.jpg" server="ftp.haauzsen.com.br/public_html/" local="130350427200000000" remote="130350427200000000" />
<file name="setaOutrasOpcoes.gif" server="ftp.haauzsen.com.br/public_html/" local="130350427200000000" remote="130350427200000000" />
<file name="sucesso.jpg" server="ftp.haauzsen.com.br/public_html/" local="130350427200000000" remote="130350427200000000" />
<file name="verificarFoto.jpg" server="ftp.haauzsen.com.br/public_html/" local="130350427200000000" remote="130350427200000000" />
<file name="voltar.jpg" server="ftp.haauzsen.com.br/public_html/" local="130350427200000000" remote="130350427200000000" />
</dwsync>