<?xml version="1.0" encoding="utf-8" ?>
<dwsync>
<file name="demos.css" server="ftp.haauzsen.com.br/public_html/" local="130350424200000000" remote="130350424200000000" />
<file name="jquery-ui-1.8.16.custom.css" server="ftp.haauzsen.com.br/public_html/" local="130350424200000000" remote="130350424200000000" />
<file name="jquery.ui.accordion.css" server="ftp.haauzsen.com.br/public_html/" local="130350424200000000" remote="130350424200000000" />
<file name="jquery.ui.all.css" server="ftp.haauzsen.com.br/public_html/" local="130350424200000000" remote="130350424200000000" />
<file name="jquery.ui.autocomplete.css" server="ftp.haauzsen.com.br/public_html/" local="130350424200000000" remote="130350424200000000" />
<file name="jquery.ui.base.css" server="ftp.haauzsen.com.br/public_html/" local="130350424200000000" remote="130350424200000000" />
<file name="jquery.ui.button.css" server="ftp.haauzsen.com.br/public_html/" local="130350424200000000" remote="130350424200000000" />
<file name="jquery.ui.core.css" server="ftp.haauzsen.com.br/public_html/" local="130350424200000000" remote="130350424200000000" />
<file name="jquery.ui.datepicker.css" server="ftp.haauzsen.com.br/public_html/" local="130350424200000000" remote="130350424200000000" />
<file name="jquery.ui.dialog.css" server="ftp.haauzsen.com.br/public_html/" local="130350424200000000" remote="130350424200000000" />
<file name="jquery.ui.progressbar.css" server="ftp.haauzsen.com.br/public_html/" local="130350424200000000" remote="130350424200000000" />
<file name="jquery.ui.resizable.css" server="ftp.haauzsen.com.br/public_html/" local="130350424200000000" remote="130350424200000000" />
<file name="jquery.ui.selectable.css" server="ftp.haauzsen.com.br/public_html/" local="130350424200000000" remote="130350424200000000" />
<file name="jquery.ui.slider.css" server="ftp.haauzsen.com.br/public_html/" local="130350424200000000" remote="130350424200000000" />
<file name="jquery.ui.tabs.css" server="ftp.haauzsen.com.br/public_html/" local="130350424200000000" remote="130350424200000000" />
<file name="jquery.ui.theme.css" server="ftp.haauzsen.com.br/public_html/" local="130350424200000000" remote="130350424200000000" />
<file name="token-input-facebook.css" server="ftp.haauzsen.com.br/public_html/" local="130350424800000000" remote="130350424800000000" />
<file name="token-input.css" server="ftp.haauzsen.com.br/public_html/" local="130350424800000000" remote="130350424800000000" />
</dwsync>