<?xml version="1.0" encoding="utf-8" ?>
<dwsync>
<file name="DocumentG.png" server="ftp.haauzsen.com.br/public_html/" local="130350426000000000" remote="130350426000000000" />
<file name="Donate-g.png" server="ftp.haauzsen.com.br/public_html/" local="130350426000000000" remote="130350426000000000" />
<file name="Donate.png" server="ftp.haauzsen.com.br/public_html/" local="130350426600000000" remote="130350426600000000" />
<file name="Gear.png" server="ftp.haauzsen.com.br/public_html/" local="130350426600000000" remote="130350426600000000" />
<file name="GearG.png" server="ftp.haauzsen.com.br/public_html/" local="130350426600000000" remote="130350426600000000" />
<file name="Mail.png" server="ftp.haauzsen.com.br/public_html/" local="130350426600000000" remote="130350426600000000" />
<file name="MailG.png" server="ftp.haauzsen.com.br/public_html/" local="130350426600000000" remote="130350426600000000" />
<file name="Monitor.png" server="ftp.haauzsen.com.br/public_html/" local="130350426600000000" remote="130350426600000000" />
<file name="Terminal.png" server="ftp.haauzsen.com.br/public_html/" local="130350426600000000" remote="130350426600000000" />
<file name="Thumbs.db" server="ftp.haauzsen.com.br/public_html/" local="130350426600000000" remote="130350426600000000" />
<file name="Users-red.png" server="ftp.haauzsen.com.br/public_html/" local="130350426600000000" remote="130350426600000000" />
<file name="Users-redG.png" server="ftp.haauzsen.com.br/public_html/" local="130350426600000000" remote="130350426600000000" />
<file name="Users.png" server="ftp.haauzsen.com.br/public_html/" local="130350426600000000" remote="130350426600000000" />
<file name="UsersG.png" server="ftp.haauzsen.com.br/public_html/" local="130350426600000000" remote="130350426600000000" />
<file name="Web Browser.png" server="ftp.haauzsen.com.br/public_html/" local="130350426600000000" remote="130350426600000000" />
<file name="Write Document.png" server="ftp.haauzsen.com.br/public_html/" local="130350426600000000" remote="130350426600000000" />
<file name="Write DocumentG.png" server="ftp.haauzsen.com.br/public_html/" local="130350426600000000" remote="130350426600000000" />
<file name="accept.png" server="ftp.haauzsen.com.br/public_html/" local="130350426000000000" remote="130350426000000000" />
<file name="avaliacao-g.png" server="ftp.haauzsen.com.br/public_html/" local="130350426000000000" remote="130350426000000000" />
<file name="avaliacao.png" server="ftp.haauzsen.com.br/public_html/" local="130350426000000000" remote="130350426000000000" />
<file name="banners.png" server="ftp.haauzsen.com.br/public_html/" local="130350426000000000" remote="130350426000000000" />
<file name="bannersG.png" server="ftp.haauzsen.com.br/public_html/" local="130350426000000000" remote="130350426000000000" />
<file name="cupom.png" server="ftp.haauzsen.com.br/public_html/" local="130350426000000000" remote="130350426000000000" />
<file name="cupomG.png" server="ftp.haauzsen.com.br/public_html/" local="130350426000000000" remote="130350426000000000" />
<file name="email.png" server="ftp.haauzsen.com.br/public_html/" local="130350426600000000" remote="130350426600000000" />
<file name="entrega.png" server="ftp.haauzsen.com.br/public_html/" local="130350426600000000" remote="130350426600000000" />
<file name="entregaG.png" server="ftp.haauzsen.com.br/public_html/" local="130350426600000000" remote="130350426600000000" />
<file name="error.png" server="ftp.haauzsen.com.br/public_html/" local="130350426600000000" remote="130350426600000000" />
<file name="exclamation.png" server="ftp.haauzsen.com.br/public_html/" local="130350426600000000" remote="130350426600000000" />
<file name="information.png" server="ftp.haauzsen.com.br/public_html/" local="130350426600000000" remote="130350426600000000" />
<file name="lightbulb.png" server="ftp.haauzsen.com.br/public_html/" local="130350426600000000" remote="130350426600000000" />
<file name="monitor-g.png" server="ftp.haauzsen.com.br/public_html/" local="130350426600000000" remote="130350426600000000" />
<file name="monitor-p.png" server="ftp.haauzsen.com.br/public_html/" local="130350426600000000" remote="130350426600000000" />
<file name="relatrios-g.png" server="ftp.haauzsen.com.br/public_html/" local="130350426600000000" remote="130350426600000000" />
<file name="relatrios.png" server="ftp.haauzsen.com.br/public_html/" local="130350426600000000" remote="130350426600000000" />
</dwsync>