<?xml version="1.0" encoding="utf-8" ?>
<dwsync>
<file name="Delete.png" server="ftp.haauzsen.com.br/public_html/" local="130350425400000000" remote="130350425400000000" />
<file name="REGUA1X1.GIF" server="ftp.haauzsen.com.br/public_html/" local="130350426000000000" remote="130350426000000000" />
<file name="Thumbs.db" server="ftp.haauzsen.com.br/public_html/" local="130350426000000000" remote="130350426000000000" />
<file name="arrows-ffffff.png" server="ftp.haauzsen.com.br/public_html/" local="130350425400000000" remote="130350425400000000" />
<file name="b.png" server="ftp.haauzsen.com.br/public_html/" local="130350425400000000" remote="130350425400000000" />
<file name="ball_glass_redS.gif" server="ftp.haauzsen.com.br/public_html/" local="130350425400000000" remote="130350425400000000" />
<file name="barra_rp.jpg" server="ftp.haauzsen.com.br/public_html/" local="130350425400000000" remote="130350425400000000" />
<file name="barra_rp.png" server="ftp.haauzsen.com.br/public_html/" local="130350425400000000" remote="130350425400000000" />
<file name="barra_rp_ver.png" server="ftp.haauzsen.com.br/public_html/" local="130350425400000000" remote="130350425400000000" />
<file name="blockquote.gif" server="ftp.haauzsen.com.br/public_html/" local="130350425400000000" remote="130350425400000000" />
<file name="bot_lock.gif" server="ftp.haauzsen.com.br/public_html/" local="130350425400000000" remote="130350425400000000" />
<file name="bot_lockUser.gif" server="ftp.haauzsen.com.br/public_html/" local="130350425400000000" remote="130350425400000000" />
<file name="bot_print.gif" server="ftp.haauzsen.com.br/public_html/" local="130350425400000000" remote="130350425400000000" />
<file name="bot_unlock.gif" server="ftp.haauzsen.com.br/public_html/" local="130350425400000000" remote="130350425400000000" />
<file name="br.png" server="ftp.haauzsen.com.br/public_html/" local="130350425400000000" remote="130350425400000000" />
<file name="button_highlighter.png" server="ftp.haauzsen.com.br/public_html/" local="130350425400000000" remote="130350425400000000" />
<file name="calendario.gif" server="ftp.haauzsen.com.br/public_html/" local="130350425400000000" remote="130350425400000000" />
<file name="closelabel.gif" server="ftp.haauzsen.com.br/public_html/" local="130350425400000000" remote="130350425400000000" />
<file name="dot.gif" server="ftp.haauzsen.com.br/public_html/" local="130350425400000000" remote="130350425400000000" />
<file name="duvida-close.png" server="ftp.haauzsen.com.br/public_html/" local="130350425400000000" remote="130350425400000000" />
<file name="duvida.gif" server="ftp.haauzsen.com.br/public_html/" local="130350425400000000" remote="130350425400000000" />
<file name="duvida.png" server="ftp.haauzsen.com.br/public_html/" local="130350425400000000" remote="130350425400000000" />
<file name="error.png" server="ftp.haauzsen.com.br/public_html/" local="130350425400000000" remote="130350425400000000" />
<file name="header_highlighter.png" server="ftp.haauzsen.com.br/public_html/" local="130350425400000000" remote="130350425400000000" />
<file name="hr_l.gif" server="ftp.haauzsen.com.br/public_html/" local="130350425400000000" remote="130350425400000000" />
<file name="jquery.wysiwyg.gif" server="ftp.haauzsen.com.br/public_html/" local="130350426000000000" remote="130350426000000000" />
<file name="locked.gif" server="ftp.haauzsen.com.br/public_html/" local="130350426000000000" remote="130350426000000000" />
<file name="ponto-interrogacao.jpg" server="ftp.haauzsen.com.br/public_html/" local="130350426000000000" remote="130350426000000000" />
<file name="selector.png" server="ftp.haauzsen.com.br/public_html/" local="130350426000000000" remote="130350426000000000" />
<file name="shadow.png" server="ftp.haauzsen.com.br/public_html/" local="130350426000000000" remote="130350426000000000" />
<file name="tl.png" server="ftp.haauzsen.com.br/public_html/" local="130350426000000000" remote="130350426000000000" />
<file name="tr.png" server="ftp.haauzsen.com.br/public_html/" local="130350426000000000" remote="130350426000000000" />
</dwsync>