<?xml version="1.0" encoding="utf-8" ?>
<dwsync>
<file name="Thumbs.db" server="ftp.haauzsen.com.br/public_html/" local="130350424800000000" remote="130350424800000000" />
<file name="chart_bar.png" server="ftp.haauzsen.com.br/public_html/" local="130350424800000000" remote="130350424800000000" />
<file name="check_icon.png" server="ftp.haauzsen.com.br/public_html/" local="130350424800000000" remote="130350424800000000" />
<file name="medal_bronze_1.png" server="ftp.haauzsen.com.br/public_html/" local="130350424800000000" remote="130350424800000000" />
<file name="medal_gold_3.png" server="ftp.haauzsen.com.br/public_html/" local="130350424800000000" remote="130350424800000000" />
<file name="medal_silver_1.png" server="ftp.haauzsen.com.br/public_html/" local="130350424800000000" remote="130350424800000000" />
<file name="shield.png" server="ftp.haauzsen.com.br/public_html/" local="130350424800000000" remote="130350424800000000" />
<file name="status_cancelado.png" server="ftp.haauzsen.com.br/public_html/" local="130350424800000000" remote="130350424800000000" />
<file name="status_final.png" server="ftp.haauzsen.com.br/public_html/" local="130350424800000000" remote="130350424800000000" />
<file name="status_offline.png" server="ftp.haauzsen.com.br/public_html/" local="130350424800000000" remote="130350424800000000" />
<file name="status_online.png" server="ftp.haauzsen.com.br/public_html/" local="130350424800000000" remote="130350424800000000" />
<file name="zoom.png" server="ftp.haauzsen.com.br/public_html/" local="130350424800000000" remote="130350424800000000" />
</dwsync>