<?xml version="1.0" encoding="utf-8" ?>
<dwsync>
<file name="class.css" server="ftp.haauzsen.com.br/public_html/" local="130350424200000000" remote="130350424200000000" />
<file name="coda-slider.css" server="ftp.haauzsen.com.br/public_html/" local="130350424200000000" remote="130350424200000000" />
<file name="default.css" server="ftp.haauzsen.com.br/public_html/" local="130350424200000000" remote="130350424200000000" />
<file name="demos.css" server="ftp.haauzsen.com.br/public_html/" local="130350424200000000" remote="130350424200000000" />
<file name="form.css" server="ftp.haauzsen.com.br/public_html/" local="130350424200000000" remote="130350424200000000" />
<file name="ids.css" server="ftp.haauzsen.com.br/public_html/" local="130350424200000000" remote="130350424200000000" />
<file name="page.css" server="ftp.haauzsen.com.br/public_html/" local="130350424800000000" remote="130350424800000000" />
<file name="style.css" server="ftp.haauzsen.com.br/public_html/" local="130350424800000000" remote="130350424800000000" />
<file name="wick.css" server="ftp.haauzsen.com.br/public_html/" local="130350424800000000" remote="130350424800000000" />
</dwsync>