<?xml version="1.0" encoding="utf-8" ?>
<dwsync>
<file name="TinyMce.js" server="ftp.haauzsen.com.br/public_html/" local="130350442800000000" remote="130350442800000000" />
<file name="ajax.js" server="ftp.haauzsen.com.br/public_html/" local="130350441600000000" remote="130350441600000000" />
<file name="autoFormat.js" server="ftp.haauzsen.com.br/public_html/" local="130350441600000000" remote="130350441600000000" />
<file name="classeData.js" server="ftp.haauzsen.com.br/public_html/" local="130350441600000000" remote="130350441600000000" />
<file name="cliente.js" server="ftp.haauzsen.com.br/public_html/" local="130350441600000000" remote="130350441600000000" />
<file name="contato.js" server="ftp.haauzsen.com.br/public_html/" local="130350441600000000" remote="130350441600000000" />
<file name="dom.js" server="ftp.haauzsen.com.br/public_html/" local="130350441600000000" remote="130350441600000000" />
<file name="editarConta.js" server="ftp.haauzsen.com.br/public_html/" local="130350441600000000" remote="130350441600000000" />
<file name="flash.js" server="ftp.haauzsen.com.br/public_html/" local="130350441600000000" remote="130350441600000000" />
<file name="form.js" server="ftp.haauzsen.com.br/public_html/" local="130350441600000000" remote="130350441600000000" />
<file name="global.js" server="ftp.haauzsen.com.br/public_html/" local="130350441600000000" remote="130350441600000000" />
<file name="jquery-1.7.2.min.js" server="ftp.haauzsen.com.br/public_html/" local="130350441600000000" remote="130350441600000000" />
<file name="jquery-latest.js" server="ftp.haauzsen.com.br/public_html/" local="130350442200000000" remote="130350442200000000" />
<file name="jquery-ui-1.8.20.custom.min.js" server="ftp.haauzsen.com.br/public_html/" local="130350442200000000" remote="130350442200000000" />
<file name="jquery.coda-slider-3.0.js" server="ftp.haauzsen.com.br/public_html/" local="130350442200000000" remote="130350442200000000" />
<file name="jquery.coda-slider-3.0.min.js" server="ftp.haauzsen.com.br/public_html/" local="130350442200000000" remote="130350442200000000" />
<file name="jquery.js" server="ftp.haauzsen.com.br/public_html/" local="130350442200000000" remote="130350442200000000" />
<file name="manipulaOrcamento.js" server="ftp.haauzsen.com.br/public_html/" local="130350442200000000" remote="130350442200000000" />
<file name="motion.js" server="ftp.haauzsen.com.br/public_html/" local="130350442200000000" remote="130350442200000000" />
<file name="mp.js" server="ftp.haauzsen.com.br/public_html/" local="130350442200000000" remote="130350442200000000" />
<file name="news.js" server="ftp.haauzsen.com.br/public_html/" local="130350442200000000" remote="130350442200000000" />
<file name="produto.js" server="ftp.haauzsen.com.br/public_html/" local="130350442200000000" remote="130350442200000000" />
<file name="sample_data.js" server="ftp.haauzsen.com.br/public_html/" local="130350442200000000" remote="130350442200000000" />
<file name="thickbox-compressed.js" server="ftp.haauzsen.com.br/public_html/" local="130350442200000000" remote="130350442200000000" />
<file name="thickbox.js" server="ftp.haauzsen.com.br/public_html/" local="130350442800000000" remote="130350442800000000" />
<file name="util.js" server="ftp.haauzsen.com.br/public_html/" local="130350442800000000" remote="130350442800000000" />
<file name="validation.js" server="ftp.haauzsen.com.br/public_html/" local="130350442800000000" remote="130350442800000000" />
<file name="wick.js" server="ftp.haauzsen.com.br/public_html/" local="130350442800000000" remote="130350442800000000" />
</dwsync>