<?xml version="1.0" encoding="utf-8" ?>
<dwsync>
<file name="Thumbs.db" server="ftp.haauzsen.com.br/public_html/" local="130350427800000000" remote="130350427800000000" />
<file name="alertas.jpg" server="ftp.haauzsen.com.br/public_html/" local="130350427200000000" remote="130350427200000000" />
<file name="carro.gif" server="ftp.haauzsen.com.br/public_html/" local="130350427800000000" remote="130350427800000000" />
<file name="cliente.gif" server="ftp.haauzsen.com.br/public_html/" local="130350427800000000" remote="130350427800000000" />
<file name="impressora.gif" server="ftp.haauzsen.com.br/public_html/" local="130350427800000000" remote="130350427800000000" />
<file name="mensagem.gif" server="ftp.haauzsen.com.br/public_html/" local="130350427800000000" remote="130350427800000000" />
<file name="mensagens.jpg" server="ftp.haauzsen.com.br/public_html/" local="130350427800000000" remote="130350427800000000" />
<file name="page_white_stack.png" server="ftp.haauzsen.com.br/public_html/" local="130350427800000000" remote="130350427800000000" />
<file name="painel.gif" server="ftp.haauzsen.com.br/public_html/" local="130350427800000000" remote="130350427800000000" />
<file name="processos.gif" server="ftp.haauzsen.com.br/public_html/" local="130350427800000000" remote="130350427800000000" />
<file name="relatorios.gif" server="ftp.haauzsen.com.br/public_html/" local="130350427800000000" remote="130350427800000000" />
</dwsync>